{"cameraMode":{"drawMode":0,"name":"Shaded","section":"Shading Mode"},"sceneLighting":true,"audioPlay":false,"sceneViewState":{"showFog":true,"showMaterialUpdate":false,"showSkybox":true,"showFlares":true,"showImageEffects":true,"showParticleSystems":true},"in2DMode":false,"pivot":{"x":-71.24114990234375,"y":-254.310546875,"z":-22.2857666015625},"rotation":{"x":0.11713284254074097,"y":0.13453039526939393,"z":-0.016016874462366105,"w":0.9838318228721619},"size":2755.36767578125,"orthographic":false}