{"cameraMode":{"drawMode":0,"name":"Shaded","section":"Shading Mode"},"sceneLighting":true,"audioPlay":false,"sceneViewState":{"showFog":true,"showMaterialUpdate":false,"showSkybox":true,"showFlares":true,"showImageEffects":true,"showParticleSystems":true},"in2DMode":false,"pivot":{"x":95.10978698730469,"y":-33.55979919433594,"z":-85.94989013671875},"rotation":{"x":0.07326339185237885,"y":0.8732637763023377,"z":-0.13868781924247743,"w":0.46131181716918948},"size":161.54052734375,"orthographic":false}